INSERT INTO shop (shop_lat, shop_lon, shop_name, shop_address, shop_phone, shop_workhours, shop_picture)
VALUES (55.755, 37.617, 'Перекресток', 'ул. Кузнецкий Мост, 19, Москва', '+74959333263', '09:00-22:00',
        'img/perekrestok.jpg'),
       (59.939, 30.315, 'О`Кей', 'ул. Невский проспект, 114, Санкт-Петербург', '+78123097101', '08:00-23:00',
        'img/okey.jpg'),
       (56.845, 60.653, 'Магнит', 'ул. Мамина-Сибиряка, 142, Екатеринбург', '+73432530009', '09:00-21:00',
        'img/magnit.jpg'),
       (55.787, 49.123, 'Магнит', 'ул. Петербургская, 52, Казань', '+78432457723', '09:00-20:00',
        'img/magnit-kazan.jpg'),
       (43.115, 13.885, 'Красное & Белое', 'ул. Светланская, 5, Владивосток', '+74232452189', '08:00-22:00',
        'img/krasnoe-beloe.jpg');

INSERT INTO category (category_name, picture_path)
VALUES ('Фрукты', 'img/fruits.jpg'),
       ('Овощи', 'img/vegetables.jpg'),
       ('Мясо', 'img/meat.jpg'),
       ('Крупы', 'img/grains.jpg'),
       ('Молочные продукты', 'img/dairy.jpg'),
       ('Хлебобулочные изделия', 'img/bakery.jpg'),
       ('Кондитерские изделия', 'img/sweets.jpg'),
       ('Напитки', 'img/drinks.jpg'),
       ('Консервы', 'img/canned-foods.jpg'),
       ('Рыба', 'img/fish.jpg');

INSERT INTO product (product_name, product_price, product_old_price, basket_quantity,
                     product_description, product_amount, picture_path, category_id)
VALUES ('Картофель', 48.99, 59.99, 1,
        'Свежий картофель, выращенный на ферме без использования химических удобрений и пестицидов.', 40,
        'img/potatoes.jpg', 2),
       ('Свинина', 799.99, 999.99, 2,
        'Нежное мясо свинины высокого качества, выращенное без использования антибиотиков и гормонов роста.', 10,
        'img/pork.jpg', 3),
       ('Яблоки', 69.99, 79.99, 1, 'Свежие и сочные яблоки, собранные на ферме без использования пестицидов.', 30,
        'img/apples.jpg', 1),
       ('Кукуруза', 99.99, 129.99, 1, 'Сладкая и сочная кукуруза, выращенная на органических полях.', 20,
        'img/corn.jpg', 2),
       ('Сельдь', 699.99, 899.99, 2, 'Свежая и нежная сельдь, пойманная в море с помощью устойчивых методов лова.', 5,
        'img/herring.jpg', 10),
       ('Молоко', 249.99, 299.99, 1,
        'Нежное и вкусное молоко, полученное от коров, которые не получали антибиотики и гормоны роста.', 15,
        'img/milk.jpg', 5),
       ('Творог', 399.99, 449.99, 2, 'Нежный и вкусный творог, сделанный из органического молока.', 10,
        'img/cottage-cheese.jpg', 5),
       ('Гречневая крупа', 199.99, 249.99, 1, 'Питательная и вкусная гречневая крупа высшего качества.', 25,
        'img/buckwheat.jpg', 4),
       ('Куриные яйца', 299.99, 349.99, 1,
        'Яйца от кур, которых не содержали в клетках и к которым не применяли антибиотики.', 20, 'img/eggs.jpg', 5),
       ('Томаты', 149.99, 179.99, 1, 'Свежие и вкусные томаты, выращенные на ферме без использования пестицидов.', 30,
        'img/tomatoes.jpg', 2),
       ('Красная фасоль', 199.99, 249.99, 1, 'Питательная и вкусная красная фасоль, выращенная на органической ферме.',
        20, 'img/kidney-beans.jpg', 2),
       ('Семга', 699.99, 799.99, 1, 'Свежая семга, пойманная в море с помощью устойчивых методов лова.', 5,
        'img/salmon.jpg', 10),
       ('Огурцы', 129.99, 149.99, 1, 'Свежие и сочные огурцы, выращенные на ферме без использования пестицидов.', 30,
        'img/cucumbers.jpg', 2),
       ('Говядина', 849.99, 949.99, 1,
        'Нежное мясо говядины высокого качества, выращенное без использования антибиотиков и гормонов роста.', 10,
        'img/beef.jpg', 3),
       ('Клубника', 299.99, 349.99, 1,
        'Сладкая и сочная клубника, выращенная на ферме без использования химических удобрений и пестицидов.', 15,
        'img/strawberries.jpg', 1),
       ('Филе лосося', 649.99, 749.99, 0,
        'Нежное и сочное филе лосося, пойманного в море с помощью устойчивых методов лова.', 7, 'img/salmon-fillet.jpg',
        10),
       ('Йогурт', 99.99, 119.99, 2, 'Нежный и вкусный йогурт, сделанный из органического молока.', 20, 'img/yogurt.jpg',
        5);

INSERT INTO city (city_name, city_code, city_region)
VALUES ('Москва', '495', 'Центральный'),
       ('Санкт-Петербург', '812', 'Северо-Западный'),
       ('Нижний Новгород', '831', 'Приволжский'),
       ('Казань', '843', 'Приволжский'),
       ('Екатеринбург', '343', 'Уральский'),
       ('Красноярск', '391', 'Сибирский'),
       ('Владивосток', '423', 'Дальневосточный'),
       ('Сочи', '862', 'Южный'),
       ('Ростов-на-Дону', '863', 'Южный'),
       ('Калининград', '401', 'Северо-Западный');

INSERT INTO my_role (role_id, role_name)
VALUES (1, 'ADMIN'),
       (2, 'AUTHORIZED_USER');

INSERT INTO my_user (user_sex, user_name, user_email, user_phone, user_anonimus, user_firebase, city_id)
VALUES ('FEMALE', 'Иванова Алена Игоревна', 'alena1995@example.com', '+79051234567', TRUE, 1234567890, 1),
       ('MALE', 'Сидоров Владислав Артёмович', 'vlad_79@mail.ru', '+79269876543', TRUE, 2345678901, 2),
       ('FEMALE', 'Петрова Дарья Андреевна', 'daria_22@gmail.com', '+79034567891', TRUE, 3456789012, 3),
       ('MALE', 'Кузнецов Максим Александрович', 'maxim_kuz@mail.ru', '+79852345678', TRUE, 4567890123, 4),
       ('FEMALE', 'Антонова Алина Владимировна', 'antonalina@yandex.ru', '+79247654321', TRUE, 5678901234, 5);

INSERT INTO user_role(user_id, role_id)
VALUES (1, 2),
       (2, 2),
       (3, 2),
       (4, 2),
       (5, 2);

INSERT INTO user_basket (user_id, product_id)
VALUES (1, 5),
       (1, 8),
       (1, 12),
       (1, 17),
       (2, 2),
       (2, 5),
       (2, 7),
       (2, 10),
       (2, 15),
       (3, 1),
       (3, 4),
       (3, 9),
       (3, 13),
       (4, 3),
       (4, 6),
       (4, 11),
       (4, 14),
       (5, 2),
       (5, 7),
       (5, 17);

INSERT INTO user_favourites (user_id, product_id)
VALUES (1, 3),
       (2, 7),
       (3, 10),
       (5, 17);

INSERT INTO delivery (delivery_price, user_id)
VALUES (250.00, 1),
       (1000.00, 2),
       (500.00, 3);

INSERT INTO payment (payment_type, payment_picture)
VALUES ('ONLINE_PAYMENT', 'img/online_payment.jpg'),
       ('CASH', 'img/cash.jpg'),
       ('CASH', 'img/cash_on_delivery.jpg');

INSERT INTO my_order (order_total, order_status, user_id, delivery_id, payment_id, shop_id)
VALUES (123.00, TRUE, 1, 1, 1, 1),
       (1050.00, TRUE, 2, 2, 2, 2),
       (379.50, TRUE, 3, 3, 3, 3),
       (520.00, FALSE, 4, NULL, NULL, 4),
       (80.00, FALSE, 5, NULL, NULL, 5),
       (625.00, FALSE, 1, NULL, NULL, 1),
       (2000.00, FALSE, 2, NULL, NULL, 2),
       (450.00, FALSE, 3, NULL, NULL, 3),
       (310.00, FALSE, 4, NULL, NULL, 4),
       (700.00, FALSE, 5, NULL, NULL, 5);

INSERT INTO order_product (order_id, product_id)
VALUES (1, 3),
       (2, 8),
       (3, 11),
       (4, 9),
       (5, 14),
       (6, 16),
       (7, 1),
       (8, 4),
       (9, 17),
       (10, 6);